swap_id,vehicle_id,station_id,battery_out,battery_in,swap_date,swap_time,operator_id,amount,status
SW0001,V046,S006,B022,B037,2024-12-23,17:21:00,OP08,175.0,Success
SW0002,V016,S009,B016,B046,2024-02-14,13:32:00,OP10,175.0,Failed
SW0003,V043,S003,B006,B035,2024-11-18,09:42:00,OP08,200.0,Success
SW0004,V038,S007,B033,B057,2024-01-13,17:24:00,OP08,75.0,Success
SW0005,V006,S001,B009,B033,2024-11-11,12:57:00,OP02,75.0,Success
SW0006,V013,S008,B003,B010,2024-11-11,20:30:00,OP08,150.0,Failed
SW0007,V027,S008,B022,B015,2024-11-23,13:00:00,OP07,200.0,Success
SW0008,V035,S004,B019,B024,2024-11-19,12:24:00,OP05,200.0,Success
SW0009,V027,S006,B022,B051,2024-11-14,16:37:00,OP02,125.0,Failed
SW0010,V036,S003,B058,B038,2024-09-05,06:00:00,OP04,150.0,Success
SW0011,V008,S004,B002,B048,2024-12-01,21:54:00,OP06,125.0,Success
SW0012,V029,S002,B017,B016,2024-04-11,20:09:00,OP04,150.0,Failed
SW0013,V018,S001,B018,B012,2024-01-11,13:07:00,OP10,100.0,Success
SW0014,V038,S002,B007,B008,2024-02-01,16:23:00,OP03,50.0,Failed
SW0015,V033,S001,B041,B002,2024-10-28,09:48:00,OP07,125.0,Success
SW0016,V050,S001,B012,B047,2024-04-05,18:31:00,OP03,200.0,Success
SW0017,V019,S008,B052,B020,2024-04-28,09:46:00,OP03,200.0,Success
SW0018,V010,S007,B043,B034,2024-11-25,21:04:00,OP02,150.0,Success
SW0019,V043,S008,B025,B043,2024-06-01,09:04:00,OP05,125.0,Failed
SW0020,V037,S003,B016,B055,2024-09-07,07:22:00,OP06,150.0,Success
SW0021,V025,S002,B014,B036,2024-11-05,07:44:00,OP08,175.0,Success
SW0022,V021,S008,B011,B018,2024-02-14,11:49:00,OP08,75.0,Success
SW0023,V005,S004,B014,B046,2024-02-11,06:59:00,OP05,100.0,Success
SW0024,V007,S009,B057,B016,2024-09-08,14:47:00,OP01,175.0,Success
SW0025,V015,S009,B010,B055,2024-04-04,16:21:00,OP03,75.0,Success
SW0026,V047,S006,B033,B015,2024-07-24,21:39:00,OP05,200.0,Success
SW0027,V023,S004,B007,B046,2024-01-04,10:49:00,OP07,200.0,Failed
SW0028,V034,S007,B012,B031,2024-01-16,11:52:00,OP07,75.0,Failed
SW0029,V005,S001,B034,B043,2024-03-12,13:13:00,OP08,175.0,Failed
SW0030,V039,S001,B057,B056,2024-12-31,11:04:00,OP09,100.0,Success
SW0031,V029,S001,B002,B007,2024-07-31,20:19:00,OP07,75.0,Success
SW0032,V002,S002,B056,B053,2024-03-18,14:54:00,OP03,150.0,Success
SW0033,V013,S005,B040,B041,2024-12-20,20:48:00,OP10,100.0,Success
SW0034,V047,S006,B040,B030,2024-09-04,15:32:00,OP06,50.0,Success
SW0035,V002,S009,B018,B035,2024-04-23,14:53:00,OP02,75.0,Success
SW0036,V017,S003,B055,B019,2024-08-05,08:11:00,OP06,150.0,Success
SW0037,V015,S004,B046,B023,2024-08-04,21:09:00,OP06,125.0,Success
SW0038,V031,S009,B012,B028,2024-09-24,06:00:00,OP01,175.0,Success
SW0039,V013,S007,B055,B024,2024-02-28,13:11:00,OP06,175.0,Success
SW0040,V017,S003,B029,B047,2024-06-24,22:53:00,OP09,125.0,Success
SW0041,V028,S009,B009,B044,2024-04-24,19:30:00,OP09,150.0,Success
SW0042,V032,S001,B029,B033,2024-09-17,22:57:00,OP04,150.0,Success
SW0043,V004,S002,B027,B056,2024-09-05,07:18:00,OP09,200.0,Success
SW0044,V039,S009,B052,B023,2024-12-29,12:17:00,OP08,150.0,Success
SW0045,V035,S003,B007,B016,2024-04-07,08:11:00,OP06,125.0,Success
SW0046,V030,S004,B047,B006,2024-07-05,21:05:00,OP06,100.0,Failed
SW0047,V027,S006,B022,B006,2024-03-08,18:33:00,OP08,150.0,Success
SW0048,V017,S009,B017,B029,2024-09-28,14:13:00,OP09,150.0,Success
SW0049,V012,S001,B035,B010,2024-03-03,14:53:00,OP08,150.0,Failed
SW0050,V036,S010,B053,B035,2024-10-03,20:39:00,OP07,100.0,Success
SW0051,V043,S002,B059,B027,2024-04-21,15:07:00,OP06,150.0,Success
SW0052,V036,S010,B021,B008,2024-04-13,07:32:00,OP10,175.0,Failed
SW0053,V050,S002,B009,B021,2024-09-18,06:57:00,OP08,100.0,Success
SW0054,V036,S002,B002,B037,2024-10-30,08:15:00,OP10,50.0,Success
SW0055,V027,S007,B042,B001,2024-06-02,14:15:00,OP03,50.0,Failed
SW0056,V041,S001,B048,B030,2024-11-20,22:39:00,OP01,175.0,Success
SW0057,V018,S002,B052,B014,2024-08-12,15:33:00,OP09,175.0,Success
SW0058,V046,S005,B005,B003,2024-12-27,20:26:00,OP05,100.0,Success
SW0059,V028,S006,B052,B008,2024-11-21,13:33:00,OP01,50.0,Success
SW0060,V039,S009,B023,B037,2024-09-21,08:37:00,OP10,75.0,Success
SW0061,V023,S004,B021,B002,2024-05-21,21:03:00,OP03,200.0,Success
SW0062,V010,S005,B022,B015,2024-01-10,19:48:00,OP01,150.0,Success
SW0063,V016,S008,B034,B026,2024-08-09,09:32:00,OP02,75.0,Success
SW0064,V011,S001,B059,B026,2024-06-18,10:50:00,OP02,75.0,Failed
SW0065,V038,S003,B010,B039,2024-08-27,13:06:00,OP10,175.0,Failed
SW0066,V003,S001,B050,B014,2024-08-09,12:38:00,OP07,125.0,Success
SW0067,V008,S004,B022,B018,2024-11-09,18:37:00,OP02,100.0,Success
SW0068,V023,S007,B047,B024,2024-05-03,06:38:00,OP09,175.0,Success
SW0069,V039,S001,B037,B024,2024-05-26,13:52:00,OP06,200.0,Failed
SW0070,V001,S001,B029,B050,2024-01-13,19:12:00,OP05,175.0,Success
SW0071,V009,S004,B042,B047,2024-10-24,21:03:00,OP06,100.0,Success
SW0072,V031,S004,B059,B026,2024-01-22,11:48:00,OP06,150.0,Success
SW0073,V049,S001,B050,B044,2024-10-15,14:33:00,OP10,200.0,Success
SW0074,V007,S005,B034,B054,2024-06-10,07:47:00,OP08,175.0,Success
SW0075,V038,S007,B043,B002,2024-10-29,20:18:00,OP02,175.0,Success
SW0076,V045,S004,B021,B031,2024-12-13,21:56:00,OP05,50.0,Success
SW0077,V027,S004,B034,B040,2024-08-28,19:22:00,OP10,50.0,Success
SW0078,V027,S004,B008,B011,2024-04-25,12:35:00,OP09,175.0,Success
SW0079,V024,S007,B022,B019,2024-12-24,12:45:00,OP10,75.0,Success
SW0080,V046,S009,B027,B002,2024-09-30,14:08:00,OP09,125.0,Success
SW0081,V007,S006,B022,B005,2024-04-11,16:03:00,OP05,150.0,Success
SW0082,V039,S003,B016,B018,2024-07-04,19:10:00,OP03,50.0,Success
SW0083,V039,S009,B012,B052,2024-04-25,20:16:00,OP04,200.0,Success
SW0084,V046,S001,B040,B030,2024-03-10,20:09:00,OP05,100.0,Success
SW0085,V006,S004,B042,B041,2024-10-03,09:12:00,OP06,200.0,Success
SW0086,V050,S004,B057,B010,2024-09-11,21:49:00,OP08,75.0,Success
SW0087,V015,S009,B036,B022,2024-09-30,21:34:00,OP10,125.0,Success
SW0088,V006,S002,B042,B013,2024-07-30,13:09:00,OP04,200.0,Success
SW0089,V040,S010,B007,B058,2024-04-13,14:08:00,OP03,200.0,Success
SW0090,V021,S002,B003,B057,2024-02-29,09:53:00,OP04,100.0,Success
SW0091,V015,S006,B041,B005,2024-05-07,16:49:00,OP01,125.0,Success
SW0092,V029,S003,B027,B026,2024-05-22,12:25:00,OP07,200.0,Success
SW0093,V013,S005,B004,B027,2024-12-26,06:24:00,OP04,175.0,Success
SW0094,V034,S008,B057,B059,2024-12-08,08:18:00,OP04,200.0,Success
SW0095,V012,S008,B045,B042,2024-09-26,14:41:00,OP05,150.0,Success
SW0096,V006,S005,B055,B039,2024-12-15,22:39:00,OP05,75.0,Success
SW0097,V008,S003,B002,B045,2024-06-04,15:55:00,OP04,175.0,Success
SW0098,V010,S009,B047,B035,2024-10-28,18:43:00,OP04,75.0,Success
SW0099,V006,S001,B057,B018,2024-05-02,06:55:00,OP06,125.0,Success
SW0100,V040,S010,B052,B002,2024-06-06,17:31:00,OP10,175.0,Success
SW0101,V028,S004,B020,B045,2024-05-17,12:16:00,OP06,100.0,Success
SW0102,V021,S009,B032,B030,2024-07-27,18:55:00,OP10,175.0,Success
SW0103,V050,S010,B008,B042,2024-07-30,06:35:00,OP06,100.0,Success
SW0104,V011,S006,B047,B025,2024-07-23,22:06:00,OP02,150.0,Success
SW0105,V020,S007,B051,B007,2024-06-05,10:10:00,OP07,200.0,Success
SW0106,V044,S002,B050,B014,2024-06-02,06:00:00,OP02,100.0,Success
SW0107,V017,S005,B003,B052,2024-09-14,13:07:00,OP10,175.0,Success
SW0108,V012,S006,B055,B006,2024-09-30,09:27:00,OP07,75.0,Success
SW0109,V004,S008,B004,B014,2024-09-26,21:39:00,OP06,125.0,Success
SW0110,V045,S005,B030,B026,2024-04-27,16:36:00,OP05,150.0,Success
SW0111,V002,S008,B059,B021,2024-03-17,09:25:00,OP10,50.0,Success
SW0112,V011,S009,B053,B032,2024-06-10,08:23:00,OP09,150.0,Success
SW0113,V044,S009,B047,B034,2024-08-01,12:03:00,OP05,200.0,Failed
SW0114,V013,S007,B056,B007,2024-05-01,10:26:00,OP03,200.0,Success
SW0115,V014,S005,B048,B040,2024-06-18,16:31:00,OP08,150.0,Success
SW0116,V026,S006,B048,B040,2024-02-15,16:19:00,OP06,150.0,Failed
SW0117,V049,S006,B046,B027,2024-12-06,08:11:00,OP10,75.0,Success
SW0118,V030,S002,B053,B004,2024-04-09,06:22:00,OP04,75.0,Success
SW0119,V049,S008,B014,B051,2024-10-24,17:21:00,OP04,75.0,Success
SW0120,V020,S007,B055,B038,2024-06-15,20:00:00,OP06,200.0,Success
SW0121,V003,S007,B017,B058,2024-06-15,12:35:00,OP01,175.0,Success
SW0122,V044,S007,B051,B044,2024-12-05,16:52:00,OP04,200.0,Success
SW0123,V019,S008,B013,B048,2024-10-03,11:24:00,OP04,75.0,Failed
SW0124,V027,S010,B002,B004,2024-02-02,10:00:00,OP04,150.0,Success
SW0125,V003,S005,B050,B013,2024-09-27,16:34:00,OP09,75.0,Success
SW0126,V011,S002,B033,B043,2024-05-20,16:54:00,OP10,50.0,Success
SW0127,V004,S003,B028,B006,2024-06-23,19:52:00,OP06,100.0,Success
SW0128,V048,S006,B027,B021,2024-04-10,19:40:00,OP07,125.0,Success
SW0129,V017,S008,B015,B054,2024-12-08,08:49:00,OP06,200.0,Success
SW0130,V016,S008,B016,B023,2024-10-23,20:38:00,OP09,175.0,Success
SW0131,V044,S001,B058,B031,2024-10-31,20:32:00,OP04,50.0,Success
SW0132,V004,S006,B011,B005,2024-07-12,09:39:00,OP10,50.0,Success
SW0133,V015,S001,B032,B005,2024-09-27,12:21:00,OP01,75.0,Success
SW0134,V044,S010,B056,B011,2024-04-22,06:03:00,OP02,175.0,Success
SW0135,V007,S004,B024,B021,2024-03-15,14:04:00,OP05,175.0,Failed
SW0136,V042,S009,B010,B020,2024-01-06,19:10:00,OP01,150.0,Failed
SW0137,V037,S010,B040,B042,2024-03-05,19:20:00,OP10,125.0,Success
SW0138,V048,S006,B030,B056,2024-11-03,20:30:00,OP01,150.0,Success
SW0139,V009,S001,B003,B056,2024-08-22,21:27:00,OP05,75.0,Success
SW0140,V004,S010,B015,B044,2024-11-02,21:33:00,OP06,200.0,Failed
SW0141,V016,S007,B006,B025,2024-06-25,13:42:00,OP02,150.0,Success
SW0142,V010,S006,B032,B051,2024-03-14,06:12:00,OP03,100.0,Success
SW0143,V037,S001,B026,B054,2024-09-05,19:40:00,OP10,50.0,Success
SW0144,V042,S007,B016,B036,2024-08-08,17:07:00,OP06,100.0,Success
SW0145,V040,S006,B015,B018,2024-12-28,20:21:00,OP08,150.0,Success
SW0146,V034,S007,B006,B017,2024-11-08,22:05:00,OP02,75.0,Failed
SW0147,V037,S009,B039,B007,2024-05-20,18:42:00,OP07,125.0,Success
SW0148,V025,S005,B015,B013,2024-06-08,11:29:00,OP05,200.0,Success
SW0149,V015,S010,B051,B006,2024-11-16,08:27:00,OP01,200.0,Failed
SW0150,V020,S002,B022,B045,2024-11-23,18:21:00,OP08,100.0,Success
SW0151,V027,S006,B035,B031,2024-04-17,21:42:00,OP01,100.0,Success
SW0152,V050,S002,B015,B060,2024-03-20,15:40:00,OP08,50.0,Success
SW0153,V029,S008,B005,B001,2024-06-15,18:43:00,OP03,50.0,Failed
SW0154,V009,S005,B015,B013,2024-01-18,13:15:00,OP04,50.0,Success
SW0155,V001,S006,B055,B023,2024-11-08,17:53:00,OP02,200.0,Success
SW0156,V028,S005,B020,B048,2024-06-22,22:02:00,OP06,75.0,Success
SW0157,V027,S010,B052,B012,2024-04-17,22:14:00,OP08,50.0,Success
SW0158,V045,S001,B053,B050,2024-02-15,07:17:00,OP06,125.0,Success
SW0159,V015,S004,B044,B029,2024-02-01,09:21:00,OP03,75.0,Success
SW0160,V049,S007,B015,B024,2024-12-15,09:28:00,OP08,200.0,Success
SW0161,V007,S006,B002,B051,2024-04-03,16:39:00,OP06,50.0,Success
SW0162,V012,S006,B043,B021,2024-04-28,12:06:00,OP05,175.0,Success
SW0163,V030,S010,B013,B035,2024-10-15,18:41:00,OP10,50.0,Success
SW0164,V042,S005,B005,B037,2024-01-02,10:17:00,OP06,50.0,Success
SW0165,V039,S007,B005,B055,2024-10-21,08:18:00,OP02,125.0,Success
SW0166,V002,S010,B036,B035,2024-02-13,18:31:00,OP03,125.0,Failed
SW0167,V014,S003,B002,B006,2024-05-18,11:55:00,OP10,100.0,Success
SW0168,V011,S007,B055,B043,2024-01-25,18:08:00,OP03,125.0,Failed
SW0169,V009,S005,B029,B047,2024-12-25,19:03:00,OP05,175.0,Success
SW0170,V020,S009,B014,B017,2024-07-16,11:12:00,OP07,50.0,Success
SW0171,V033,S002,B030,B018,2024-02-12,11:20:00,OP01,125.0,Success
SW0172,V020,S002,B055,B029,2024-03-08,06:59:00,OP07,125.0,Failed
SW0173,V008,S004,B017,B041,2024-06-04,17:52:00,OP07,50.0,Failed
SW0174,V016,S009,B029,B033,2024-07-11,14:27:00,OP06,50.0,Failed
SW0175,V028,S008,B004,B002,2024-02-10,10:25:00,OP06,50.0,Success
SW0176,V038,S003,B056,B025,2024-10-29,21:49:00,OP01,50.0,Success
SW0177,V045,S006,B037,B005,2024-10-31,16:18:00,OP06,200.0,Success
SW0178,V037,S006,B057,B006,2024-08-03,08:48:00,OP05,50.0,Success
SW0179,V035,S001,B041,B047,2024-05-13,20:41:00,OP02,75.0,Success
SW0180,V048,S002,B012,B045,2024-01-26,16:30:00,OP08,100.0,Success
SW0181,V041,S009,B029,B036,2024-02-26,15:28:00,OP10,50.0,Success
SW0182,V046,S004,B032,B040,2024-06-15,09:05:00,OP03,175.0,Success
SW0183,V031,S007,B040,B037,2024-06-15,22:12:00,OP07,75.0,Success
SW0184,V010,S007,B005,B016,2024-06-12,21:06:00,OP08,200.0,Success
SW0185,V036,S010,B001,B035,2024-12-11,21:50:00,OP07,75.0,Success
SW0186,V042,S009,B031,B029,2024-01-02,17:15:00,OP07,100.0,Success
SW0187,V006,S004,B041,B049,2024-09-22,06:06:00,OP04,200.0,Success
SW0188,V042,S003,B050,B034,2024-11-15,22:13:00,OP02,150.0,Success
SW0189,V024,S004,B009,B051,2024-03-18,14:52:00,OP01,200.0,Failed
SW0190,V048,S001,B049,B032,2024-12-04,14:21:00,OP08,150.0,Success
SW0191,V038,S001,B040,B011,2024-12-19,17:50:00,OP09,75.0,Failed
SW0192,V040,S005,B042,B038,2024-07-14,20:06:00,OP01,125.0,Success
SW0193,V039,S001,B002,B040,2024-02-23,09:54:00,OP05,50.0,Success
SW0194,V008,S010,B049,B013,2024-03-08,13:20:00,OP09,100.0,Failed
SW0195,V041,S001,B035,B007,2024-05-20,13:55:00,OP04,50.0,Success
SW0196,V017,S007,B027,B060,2024-09-30,17:18:00,OP07,100.0,Success
SW0197,V027,S008,B008,B019,2024-07-16,22:23:00,OP10,175.0,Success
SW0198,V027,S006,B014,B022,2024-08-05,16:11:00,OP06,100.0,Success
SW0199,V042,S003,B001,B052,2024-01-15,18:51:00,OP05,100.0,Success
SW0200,V034,S003,B028,B033,2024-05-19,14:33:00,OP07,175.0,Failed
SW0201,V043,S004,B010,B060,2024-08-13,10:35:00,OP10,125.0,Success
SW0202,V020,S007,B029,B015,2024-12-03,12:00:00,OP07,200.0,Success
SW0203,V001,S008,B046,B052,2024-01-14,06:02:00,OP02,75.0,Success
SW0204,V006,S009,B006,B010,2024-10-31,12:26:00,OP03,50.0,Success
SW0205,V039,S005,B036,B052,2024-03-06,16:21:00,OP08,75.0,Success
SW0206,V045,S005,B038,B051,2024-07-18,16:25:00,OP09,75.0,Success
SW0207,V036,S008,B028,B015,2024-10-03,10:53:00,OP02,125.0,Success
SW0208,V003,S008,B007,B002,2024-07-06,15:11:00,OP09,200.0,Success
SW0209,V022,S001,B004,B053,2024-08-17,11:55:00,OP10,200.0,Success
SW0210,V011,S004,B041,B043,2024-12-29,16:09:00,OP08,75.0,Success
SW0211,V008,S009,B004,B003,2024-10-18,22:26:00,OP08,75.0,Success
SW0212,V010,S010,B023,B041,2024-06-13,08:13:00,OP06,125.0,Success
SW0213,V032,S007,B017,B021,2024-04-12,12:46:00,OP05,200.0,Success
SW0214,V008,S007,B013,B042,2024-12-20,20:27:00,OP06,125.0,Success
SW0215,V015,S004,B016,B047,2024-01-20,20:39:00,OP01,75.0,Success
SW0216,V003,S008,B051,B056,2024-09-26,16:34:00,OP04,100.0,Failed
SW0217,V038,S010,B036,B034,2024-02-05,06:44:00,OP07,75.0,Success
SW0218,V002,S007,B014,B056,2024-04-02,15:16:00,OP06,75.0,Success
SW0219,V007,S009,B009,B028,2024-10-16,09:33:00,OP09,125.0,Success
SW0220,V009,S006,B042,B036,2024-06-22,06:55:00,OP07,75.0,Success
SW0221,V021,S007,B050,B005,2024-11-19,06:11:00,OP03,50.0,Success
SW0222,V031,S003,B003,B060,2024-07-21,07:50:00,OP02,200.0,Failed
SW0223,V041,S009,B040,B018,2024-12-28,08:27:00,OP01,175.0,Success
SW0224,V036,S005,B030,B049,2024-12-18,17:07:00,OP10,75.0,Success
SW0225,V008,S010,B039,B051,2024-05-12,09:36:00,OP07,150.0,Success
SW0226,V030,S007,B013,B036,2024-06-24,19:02:00,OP06,50.0,Success
SW0227,V017,S008,B023,B037,2024-08-28,21:10:00,OP04,150.0,Success
SW0228,V039,S010,B001,B053,2024-04-09,21:08:00,OP08,50.0,Success
SW0229,V041,S010,B020,B034,2024-09-02,07:20:00,OP05,175.0,Success
SW0230,V024,S005,B006,B026,2024-02-29,11:10:00,OP02,100.0,Failed
SW0231,V015,S007,B028,B015,2024-03-11,22:20:00,OP04,175.0,Success
SW0232,V004,S003,B047,B034,2024-03-10,14:02:00,OP04,100.0,Failed
SW0233,V025,S008,B004,B028,2024-08-06,09:19:00,OP04,100.0,Success
SW0234,V006,S002,B023,B009,2024-02-11,15:15:00,OP02,50.0,Failed
SW0235,V034,S008,B057,B007,2024-05-17,15:33:00,OP06,50.0,Success
SW0236,V035,S010,B046,B008,2024-02-18,14:59:00,OP02,75.0,Failed
SW0237,V030,S008,B032,B001,2024-10-23,21:24:00,OP06,125.0,Success
SW0238,V002,S009,B047,B033,2024-02-12,17:59:00,OP01,50.0,Success
SW0239,V041,S009,B034,B003,2024-11-27,07:13:00,OP09,200.0,Success
SW0240,V045,S010,B017,B057,2024-10-14,16:58:00,OP10,100.0,Failed
SW0241,V009,S001,B011,B017,2024-05-08,20:55:00,OP05,200.0,Success
SW0242,V028,S008,B029,B036,2024-04-14,22:27:00,OP04,200.0,Success
SW0243,V005,S005,B046,B041,2024-12-21,13:48:00,OP01,125.0,Success
SW0244,V026,S002,B023,B033,2024-07-22,18:11:00,OP02,75.0,Success
SW0245,V009,S002,B030,B002,2024-08-16,15:40:00,OP07,100.0,Success
SW0246,V040,S007,B044,B022,2024-07-20,08:30:00,OP05,75.0,Success
SW0247,V003,S008,B041,B046,2024-04-24,21:36:00,OP02,75.0,Success
SW0248,V041,S001,B008,B050,2024-06-22,08:28:00,OP01,75.0,Success
SW0249,V012,S001,B026,B041,2024-08-21,15:15:00,OP05,150.0,Success
SW0250,V003,S003,B006,B054,2024-06-06,11:03:00,OP09,100.0,Failed
SW0251,V002,S005,B041,B048,2024-04-26,10:18:00,OP06,150.0,Failed
SW0252,V010,S007,B046,B016,2024-07-05,11:38:00,OP04,125.0,Success
SW0253,V018,S005,B048,B009,2024-11-25,21:27:00,OP07,50.0,Success
SW0254,V029,S001,B030,B010,2024-12-15,10:13:00,OP05,75.0,Success
SW0255,V042,S006,B035,B012,2024-05-31,14:29:00,OP05,75.0,Success
SW0256,V023,S001,B056,B017,2024-05-16,10:23:00,OP06,175.0,Success
SW0257,V020,S001,B010,B040,2024-12-13,10:09:00,OP09,100.0,Success
SW0258,V008,S003,B030,B038,2024-05-13,07:39:00,OP06,75.0,Failed
SW0259,V005,S001,B018,B039,2024-05-15,16:03:00,OP08,175.0,Failed
SW0260,V009,S010,B047,B038,2024-10-13,22:19:00,OP02,125.0,Success
SW0261,V038,S010,B009,B013,2024-03-10,12:37:00,OP10,175.0,Success
SW0262,V007,S007,B005,B058,2024-04-01,18:33:00,OP10,175.0,Success
SW0263,V035,S005,B055,B005,2024-09-10,12:25:00,OP07,175.0,Failed
SW0264,V031,S004,B056,B029,2024-10-19,21:20:00,OP02,75.0,Success
SW0265,V021,S002,B059,B029,2024-05-22,21:31:00,OP08,200.0,Failed
SW0266,V050,S005,B056,B014,2024-01-16,14:23:00,OP06,100.0,Success
SW0267,V001,S007,B015,B029,2024-08-06,21:18:00,OP07,125.0,Success
SW0268,V021,S004,B039,B025,2024-11-18,08:19:00,OP04,100.0,Success
SW0269,V040,S001,B009,B018,2024-09-13,06:07:00,OP09,200.0,Success
SW0270,V028,S001,B026,B044,2024-04-22,14:22:00,OP10,75.0,Success
SW0271,V030,S007,B034,B043,2024-05-12,11:30:00,OP06,150.0,Success
SW0272,V019,S009,B050,B023,2024-05-06,20:02:00,OP09,125.0,Success
SW0273,V026,S007,B043,B034,2024-04-20,20:24:00,OP04,150.0,Success
SW0274,V025,S001,B016,B006,2024-02-29,12:08:00,OP09,200.0,Success
SW0275,V038,S003,B038,B041,2024-04-13,15:23:00,OP08,100.0,Success
SW0276,V042,S001,B058,B009,2024-12-29,11:00:00,OP04,125.0,Success
SW0277,V039,S007,B003,B004,2024-07-30,14:28:00,OP08,75.0,Success
SW0278,V031,S007,B046,B043,2024-03-25,17:57:00,OP10,100.0,Success
SW0279,V013,S008,B012,B052,2024-03-19,18:48:00,OP01,100.0,Success
SW0280,V016,S008,B023,B056,2024-08-30,15:40:00,OP10,125.0,Success
SW0281,V041,S004,B034,B049,2024-09-16,06:25:00,OP02,175.0,Success
SW0282,V039,S006,B024,B022,2024-01-28,15:58:00,OP06,75.0,Success
SW0283,V022,S004,B048,B002,2024-04-10,08:10:00,OP01,100.0,Success
SW0284,V010,S010,B057,B028,2024-09-10,07:28:00,OP05,175.0,Success
SW0285,V009,S006,B007,B004,2024-02-02,22:09:00,OP04,125.0,Success
SW0286,V048,S002,B004,B048,2024-12-01,14:10:00,OP02,175.0,Failed
SW0287,V030,S010,B016,B047,2024-10-02,09:03:00,OP05,100.0,Success
SW0288,V012,S001,B003,B007,2024-10-08,14:02:00,OP03,150.0,Failed
SW0289,V038,S008,B006,B020,2024-07-09,06:21:00,OP02,100.0,Success
SW0290,V032,S010,B019,B060,2024-08-28,09:03:00,OP06,50.0,Success
SW0291,V043,S009,B004,B049,2024-10-23,08:21:00,OP05,75.0,Success
SW0292,V028,S007,B037,B015,2024-07-26,08:38:00,OP02,100.0,Success
SW0293,V047,S005,B011,B051,2024-06-30,20:07:00,OP02,150.0,Success
SW0294,V034,S003,B029,B054,2024-10-24,22:56:00,OP09,150.0,Success
SW0295,V006,S010,B052,B008,2024-04-07,21:53:00,OP03,75.0,Success
SW0296,V019,S002,B030,B019,2024-08-12,15:03:00,OP03,100.0,Success
SW0297,V009,S007,B059,B022,2024-07-06,07:58:00,OP06,200.0,Success
SW0298,V039,S003,B024,B009,2024-11-01,15:29:00,OP04,175.0,Success
SW0299,V016,S001,B009,B011,2024-01-20,17:17:00,OP04,200.0,Success
SW0300,V041,S006,B037,B005,2024-06-12,19:12:00,OP04,200.0,Success
SW0301,V036,S009,B016,B002,2024-03-25,14:49:00,OP09,175.0,Failed
SW0302,V011,S004,B056,B025,2024-02-15,12:46:00,OP01,125.0,Success
SW0303,V006,S005,B040,B013,2024-02-05,17:40:00,OP04,175.0,Failed
SW0304,V017,S009,B045,B012,2024-01-13,22:04:00,OP03,150.0,Success
SW0305,V007,S005,B016,B055,2024-07-31,08:09:00,OP04,150.0,Success
SW0306,V033,S002,B003,B027,2024-06-08,07:37:00,OP10,100.0,Failed
SW0307,V049,S004,B014,B030,2024-03-02,10:27:00,OP03,200.0,Success
SW0308,V009,S002,B007,B056,2024-02-26,16:05:00,OP07,150.0,Success
SW0309,V047,S010,B045,B038,2024-05-09,15:25:00,OP10,200.0,Failed
SW0310,V007,S004,B025,B059,2024-08-29,20:52:00,OP03,100.0,Failed
SW0311,V021,S009,B042,B044,2024-05-30,06:25:00,OP09,100.0,Success
SW0312,V044,S005,B016,B040,2024-10-31,19:28:00,OP02,75.0,Success
SW0313,V037,S004,B050,B021,2024-07-13,12:42:00,OP08,50.0,Failed
SW0314,V035,S010,B001,B013,2024-08-25,18:50:00,OP07,125.0,Success
SW0315,V022,S001,B032,B003,2024-07-11,19:12:00,OP02,150.0,Success
SW0316,V045,S010,B023,B057,2024-09-20,16:52:00,OP02,75.0,Failed
SW0317,V030,S007,B005,B016,2024-11-29,16:22:00,OP07,75.0,Success
SW0318,V040,S001,B034,B017,2024-11-10,22:21:00,OP04,175.0,Success
SW0319,V006,S004,B003,B009,2024-03-20,10:47:00,OP04,125.0,Success
SW0320,V014,S008,B022,B050,2024-10-25,08:58:00,OP07,150.0,Success
SW0321,V040,S010,B046,B036,2024-08-19,16:45:00,OP04,200.0,Success
SW0322,V008,S005,B026,B014,2024-04-15,12:13:00,OP06,75.0,Success
SW0323,V014,S010,B005,B008,2024-01-11,21:29:00,OP06,200.0,Failed
SW0324,V025,S009,B046,B015,2024-09-11,15:28:00,OP02,50.0,Success
SW0325,V009,S008,B057,B056,2024-10-03,06:08:00,OP04,150.0,Success
SW0326,V035,S009,B029,B060,2024-09-07,21:11:00,OP10,175.0,Success
SW0327,V004,S004,B026,B007,2024-06-27,20:33:00,OP04,150.0,Success
SW0328,V010,S008,B024,B030,2024-10-24,13:25:00,OP10,200.0,Success
SW0329,V036,S002,B003,B033,2024-03-22,18:37:00,OP05,200.0,Success
SW0330,V012,S009,B058,B008,2024-12-16,20:39:00,OP01,175.0,Success
SW0331,V022,S007,B033,B001,2024-01-25,21:55:00,OP05,50.0,Failed
SW0332,V009,S007,B045,B024,2024-04-21,06:04:00,OP03,200.0,Success
SW0333,V013,S007,B056,B045,2024-06-04,16:28:00,OP05,75.0,Failed
SW0334,V041,S010,B054,B005,2024-09-26,12:41:00,OP08,50.0,Success
SW0335,V050,S007,B034,B010,2024-03-26,17:39:00,OP05,75.0,Success
SW0336,V041,S001,B008,B010,2024-09-21,20:54:00,OP03,50.0,Failed
SW0337,V018,S001,B054,B045,2024-05-31,09:54:00,OP08,50.0,Success
SW0338,V029,S010,B013,B039,2024-06-30,19:57:00,OP07,100.0,Success
SW0339,V001,S009,B035,B037,2024-01-31,09:06:00,OP05,100.0,Failed
SW0340,V020,S004,B008,B052,2024-12-15,17:32:00,OP02,150.0,Success
SW0341,V007,S006,B057,B020,2024-05-22,10:16:00,OP08,150.0,Success
SW0342,V032,S003,B030,B007,2024-10-28,08:03:00,OP06,175.0,Success
SW0343,V047,S001,B006,B053,2024-10-02,22:32:00,OP01,150.0,Success
SW0344,V032,S004,B051,B043,2024-03-17,09:32:00,OP09,50.0,Success
SW0345,V025,S006,B033,B006,2024-08-16,16:30:00,OP07,125.0,Success
SW0346,V032,S004,B059,B015,2024-03-13,06:07:00,OP01,150.0,Success
SW0347,V005,S006,B032,B017,2024-09-01,16:58:00,OP09,175.0,Success
SW0348,V024,S004,B036,B020,2024-02-19,13:03:00,OP04,125.0,Success
SW0349,V025,S008,B008,B060,2024-08-14,21:53:00,OP03,125.0,Success
SW0350,V011,S010,B044,B042,2024-11-17,11:30:00,OP04,200.0,Success
SW0351,V036,S006,B001,B006,2024-11-29,19:01:00,OP06,125.0,Success
SW0352,V039,S002,B022,B009,2024-12-09,22:40:00,OP05,175.0,Success
SW0353,V015,S004,B018,B003,2024-07-07,07:01:00,OP06,150.0,Success
SW0354,V006,S009,B031,B052,2024-08-07,20:56:00,OP07,150.0,Failed
SW0355,V008,S010,B024,B017,2024-01-27,17:00:00,OP03,75.0,Success
SW0356,V021,S005,B008,B017,2024-01-09,20:47:00,OP04,75.0,Success
SW0357,V008,S003,B046,B036,2024-05-09,18:24:00,OP01,75.0,Success
SW0358,V047,S006,B042,B017,2024-06-17,19:17:00,OP03,50.0,Failed
SW0359,V049,S002,B047,B048,2024-08-23,16:37:00,OP05,50.0,Success
SW0360,V018,S006,B021,B045,2024-03-09,15:13:00,OP09,200.0,Failed
SW0361,V004,S009,B020,B015,2024-11-21,20:21:00,OP03,125.0,Failed
SW0362,V032,S006,B034,B017,2024-01-17,15:29:00,OP08,125.0,Success
SW0363,V012,S006,B028,B059,2024-04-06,12:12:00,OP10,125.0,Success
SW0364,V004,S009,B057,B052,2024-04-26,08:54:00,OP02,200.0,Success
SW0365,V023,S003,B022,B006,2024-04-01,18:10:00,OP10,175.0,Success
SW0366,V043,S004,B058,B020,2024-12-18,09:27:00,OP09,150.0,Success
SW0367,V002,S004,B026,B052,2024-11-15,20:09:00,OP05,125.0,Success
SW0368,V041,S008,B012,B013,2024-08-03,09:19:00,OP09,75.0,Success
SW0369,V028,S002,B048,B019,2024-01-01,06:38:00,OP10,175.0,Success
SW0370,V028,S008,B021,B047,2024-06-03,14:00:00,OP07,125.0,Success
SW0371,V050,S007,B050,B044,2024-01-18,21:15:00,OP05,175.0,Success
SW0372,V016,S009,B037,B041,2024-09-11,06:52:00,OP10,150.0,Failed
SW0373,V029,S009,B051,B052,2024-01-28,21:11:00,OP04,125.0,Success
SW0374,V028,S010,B034,B049,2024-04-21,16:12:00,OP02,150.0,Failed
SW0375,V006,S009,B005,B008,2024-03-01,18:44:00,OP06,75.0,Failed
SW0376,V025,S001,B035,B051,2024-07-20,10:25:00,OP04,50.0,Success
SW0377,V005,S006,B042,B015,2024-03-06,09:56:00,OP04,75.0,Success
SW0378,V002,S010,B016,B033,2024-04-17,14:25:00,OP08,200.0,Success
SW0379,V040,S001,B026,B050,2024-04-08,17:47:00,OP08,75.0,Failed
SW0380,V013,S007,B035,B004,2024-09-14,10:39:00,OP09,150.0,Success
SW0381,V020,S008,B015,B052,2024-09-21,09:00:00,OP05,150.0,Failed
SW0382,V020,S006,B020,B022,2024-08-10,19:17:00,OP09,100.0,Success
SW0383,V013,S001,B051,B036,2024-02-02,22:50:00,OP03,200.0,Success
SW0384,V005,S001,B015,B021,2024-01-13,13:02:00,OP07,200.0,Success
SW0385,V017,S003,B058,B035,2024-01-06,12:07:00,OP09,200.0,Success
SW0386,V033,S003,B027,B009,2024-01-25,17:34:00,OP03,125.0,Success
SW0387,V006,S005,B049,B015,2024-02-21,18:10:00,OP08,175.0,Success
SW0388,V021,S007,B029,B036,2024-02-19,06:03:00,OP04,200.0,Success
SW0389,V003,S009,B008,B042,2024-11-13,22:05:00,OP01,50.0,Success
SW0390,V006,S008,B039,B026,2024-04-02,14:40:00,OP03,75.0,Success
SW0391,V047,S003,B035,B048,2024-08-18,20:16:00,OP08,175.0,Success
SW0392,V047,S004,B016,B001,2024-08-02,14:23:00,OP03,150.0,Success
SW0393,V015,S007,B050,B016,2024-03-30,06:02:00,OP09,75.0,Success
SW0394,V027,S003,B008,B023,2024-03-02,10:29:00,OP04,100.0,Success
SW0395,V039,S006,B023,B053,2024-01-29,10:41:00,OP09,125.0,Success
SW0396,V038,S005,B012,B019,2024-05-19,15:27:00,OP10,175.0,Success
SW0397,V015,S009,B019,B050,2024-08-05,07:11:00,OP04,125.0,Success
SW0398,V038,S001,B046,B032,2024-04-13,17:29:00,OP04,75.0,Success
SW0399,V047,S004,B059,B011,2024-05-20,16:09:00,OP03,100.0,Success
SW0400,V044,S001,B037,B043,2024-09-17,14:02:00,OP05,150.0,Success
SW0401,V030,S005,B056,B016,2024-04-09,11:29:00,OP08,200.0,Success
SW0402,V033,S003,B040,B054,2024-06-05,19:08:00,OP02,125.0,Success
SW0403,V003,S001,B040,B014,2024-06-16,12:29:00,OP07,100.0,Success
SW0404,V043,S004,B054,B036,2024-05-06,16:02:00,OP01,125.0,Success
SW0405,V029,S007,B006,B009,2024-12-08,15:54:00,OP06,125.0,Failed
SW0406,V013,S001,B020,B054,2024-11-15,20:02:00,OP05,125.0,Failed
SW0407,V029,S004,B031,B003,2024-12-08,22:44:00,OP06,125.0,Failed
SW0408,V017,S004,B049,B030,2024-10-05,14:52:00,OP04,50.0,Success
SW0409,V011,S008,B010,B056,2024-03-27,09:58:00,OP05,75.0,Success
SW0410,V031,S003,B004,B033,2024-06-13,13:29:00,OP06,75.0,Success
SW0411,V007,S007,B052,B049,2024-11-09,15:03:00,OP05,50.0,Failed
SW0412,V004,S009,B038,B034,2024-07-23,12:30:00,OP08,200.0,Failed
SW0413,V049,S010,B047,B060,2024-12-09,18:30:00,OP01,125.0,Success
SW0414,V047,S007,B050,B015,2024-04-10,10:45:00,OP06,50.0,Success
SW0415,V018,S008,B013,B032,2024-06-08,09:38:00,OP05,125.0,Success
SW0416,V004,S002,B040,B030,2024-08-15,22:44:00,OP02,175.0,Success
SW0417,V049,S009,B055,B050,2024-05-25,21:18:00,OP07,100.0,Failed
SW0418,V050,S005,B052,B045,2024-10-12,08:52:00,OP01,50.0,Success
SW0419,V021,S002,B040,B039,2024-10-18,21:30:00,OP03,200.0,Success
SW0420,V014,S009,B015,B033,2024-01-03,11:15:00,OP08,150.0,Success
SW0421,V037,S009,B013,B045,2024-05-06,10:16:00,OP10,175.0,Success
SW0422,V017,S009,B043,B052,2024-11-08,12:58:00,OP09,200.0,Success
SW0423,V027,S001,B054,B038,2024-09-17,21:36:00,OP04,175.0,Success
SW0424,V033,S007,B021,B055,2024-10-15,16:38:00,OP07,50.0,Success
SW0425,V023,S005,B012,B043,2024-03-21,22:49:00,OP09,150.0,Success
SW0426,V011,S010,B024,B014,2024-02-21,20:34:00,OP04,150.0,Success
SW0427,V031,S003,B047,B011,2024-01-19,22:25:00,OP07,125.0,Success
SW0428,V048,S003,B033,B056,2024-12-08,21:12:00,OP08,150.0,Failed
SW0429,V037,S010,B001,B018,2024-07-08,14:21:00,OP01,50.0,Success
SW0430,V030,S007,B034,B024,2024-05-17,14:50:00,OP07,125.0,Success
SW0431,V043,S002,B023,B039,2024-08-14,09:02:00,OP05,75.0,Success
SW0432,V026,S009,B033,B012,2024-10-07,18:49:00,OP09,175.0,Failed
SW0433,V003,S006,B035,B037,2024-11-16,12:55:00,OP07,125.0,Success
SW0434,V049,S009,B057,B044,2024-08-02,08:27:00,OP05,125.0,Success
SW0435,V009,S002,B056,B030,2024-08-31,17:37:00,OP04,75.0,Success
SW0436,V015,S008,B036,B030,2024-01-10,10:29:00,OP06,100.0,Success
SW0437,V043,S006,B036,B052,2024-07-04,07:44:00,OP02,100.0,Success
SW0438,V029,S001,B058,B026,2024-12-31,11:21:00,OP06,200.0,Success
SW0439,V008,S008,B049,B011,2024-07-12,17:26:00,OP09,150.0,Failed
SW0440,V042,S003,B018,B017,2024-07-01,07:56:00,OP09,175.0,Success
SW0441,V048,S009,B024,B056,2024-06-16,12:59:00,OP08,50.0,Success
SW0442,V050,S002,B019,B051,2024-11-01,06:35:00,OP01,75.0,Success
SW0443,V038,S004,B037,B040,2024-06-28,19:02:00,OP03,200.0,Failed
SW0444,V043,S002,B051,B009,2024-09-29,14:00:00,OP06,125.0,Failed
SW0445,V024,S006,B015,B026,2024-12-01,16:12:00,OP03,150.0,Success
SW0446,V005,S008,B022,B043,2024-08-01,12:24:00,OP03,50.0,Success
SW0447,V003,S005,B038,B015,2024-02-19,07:46:00,OP03,125.0,Success
SW0448,V028,S009,B003,B011,2024-07-11,22:11:00,OP07,200.0,Success
SW0449,V031,S004,B006,B044,2024-12-05,18:59:00,OP01,150.0,Failed
SW0450,V038,S009,B060,B002,2024-10-25,14:39:00,OP10,175.0,Success
SW0451,V013,S010,B028,B023,2024-07-31,12:17:00,OP07,50.0,Success
SW0452,V034,S001,B013,B060,2024-11-17,22:21:00,OP05,150.0,Success
SW0453,V027,S008,B059,B038,2024-09-16,17:06:00,OP02,50.0,Failed
SW0454,V045,S008,B040,B017,2024-06-09,15:44:00,OP03,75.0,Success
SW0455,V012,S004,B023,B012,2024-10-17,08:09:00,OP02,150.0,Success
SW0456,V025,S006,B007,B018,2024-07-08,11:33:00,OP10,50.0,Success
SW0457,V046,S006,B025,B051,2024-11-08,20:52:00,OP06,175.0,Success
SW0458,V038,S008,B027,B014,2024-10-09,19:57:00,OP07,125.0,Success
SW0459,V016,S001,B026,B021,2024-12-12,16:56:00,OP09,100.0,Success
SW0460,V040,S008,B055,B028,2024-06-11,10:59:00,OP05,100.0,Success
SW0461,V026,S003,B044,B017,2024-07-04,15:47:00,OP04,100.0,Failed
SW0462,V014,S006,B018,B036,2024-02-11,14:40:00,OP09,75.0,Success
SW0463,V028,S003,B038,B005,2024-08-11,08:09:00,OP02,100.0,Failed
SW0464,V042,S008,B022,B026,2024-12-29,13:40:00,OP03,200.0,Success
SW0465,V048,S006,B004,B011,2024-11-01,13:07:00,OP08,125.0,Success
SW0466,V033,S007,B052,B051,2024-04-15,07:29:00,OP04,125.0,Success
SW0467,V023,S010,B046,B021,2024-10-11,13:36:00,OP05,125.0,Success
SW0468,V030,S010,B048,B050,2024-07-09,18:17:00,OP01,175.0,Success
SW0469,V007,S004,B014,B046,2024-02-09,20:39:00,OP02,125.0,Success
SW0470,V030,S005,B022,B024,2024-01-29,18:47:00,OP08,150.0,Success
SW0471,V022,S002,B027,B036,2024-01-03,07:06:00,OP06,150.0,Success
SW0472,V011,S004,B055,B005,2024-07-30,12:31:00,OP04,50.0,Success
SW0473,V047,S006,B051,B058,2024-09-01,12:04:00,OP03,150.0,Success
SW0474,V041,S001,B044,B020,2024-10-14,06:22:00,OP09,50.0,Failed
SW0475,V022,S010,B001,B033,2024-10-10,06:14:00,OP04,50.0,Success
SW0476,V049,S009,B002,B052,2024-07-28,18:28:00,OP05,175.0,Success
SW0477,V004,S004,B032,B054,2024-09-30,21:10:00,OP06,50.0,Success
SW0478,V050,S008,B027,B045,2024-02-11,07:58:00,OP05,75.0,Success
SW0479,V025,S003,B001,B018,2024-11-21,09:55:00,OP09,175.0,Failed
SW0480,V034,S009,B044,B030,2024-12-16,10:55:00,OP03,125.0,Success
SW0481,V016,S002,B038,B028,2024-03-21,21:37:00,OP08,150.0,Success
SW0482,V020,S002,B016,B010,2024-08-20,09:06:00,OP05,125.0,Success
SW0483,V049,S007,B047,B014,2024-01-16,09:19:00,OP05,50.0,Failed
SW0484,V002,S001,B043,B017,2024-03-13,11:54:00,OP06,150.0,Success
SW0485,V020,S001,B013,B020,2024-12-07,16:06:00,OP07,200.0,Failed
SW0486,V017,S008,B010,B002,2024-12-26,15:56:00,OP06,125.0,Success
SW0487,V029,S002,B025,B038,2024-01-08,09:10:00,OP04,100.0,Failed
SW0488,V037,S001,B048,B041,2024-10-16,11:58:00,OP06,50.0,Failed
SW0489,V019,S005,B005,B054,2024-03-18,17:26:00,OP08,150.0,Success
SW0490,V041,S007,B016,B027,2024-09-20,15:08:00,OP05,75.0,Success
SW0491,V027,S003,B014,B015,2024-02-14,15:38:00,OP03,125.0,Failed
SW0492,V004,S008,B023,B036,2024-06-06,21:21:00,OP05,200.0,Success
SW0493,V032,S007,B017,B050,2024-05-19,07:06:00,OP10,150.0,Success
SW0494,V050,S001,B028,B034,2024-02-18,15:06:00,OP03,175.0,Success
SW0495,V030,S006,B033,B027,2024-06-10,20:27:00,OP08,175.0,Success
SW0496,V042,S003,B060,B037,2024-05-09,06:39:00,OP01,200.0,Failed
SW0497,V003,S002,B027,B053,2024-09-05,13:43:00,OP06,100.0,Success
SW0498,V039,S007,B046,B060,2024-02-05,16:54:00,OP05,200.0,Failed
SW0499,V047,S006,B004,B047,2024-08-08,18:23:00,OP02,125.0,Success
SW0500,V025,S005,B059,B060,2024-10-17,15:01:00,OP03,150.0,Failed
